SOURCE,TARGET
67,35733
67,9446
67,29191
67,1
67,693738
67,227
67,183211
104,23
104,147794
104,180064
188,10
188,1
188,17943
188,243897
188,2663
227,10
227,2
345,1678604
345,67
409,67
409,1678604
740,65088
740,66894
740,52142
740,41502
972,202205
2663,831
2663,92012
2663,10
2696,147331
3064,1
3064,23
3064,94675
3064,36762
3064,33420
3313,9446
3313,3064
3555,937918
3555,9446
4063,1
4166,59215
4166,258568
4166,1
4166,2
4166,10
4166,23
4166,83
4166,24967
4367,4382
4420,23
4481,112345
4481,9446
4481,409
4481,1
4649,26979
4649,241634
4649,36762
4649,26398
4649,9446
4649,35821
4649,54136
5973,19668
6225,112345
6225,24967
6225,218525
6225,65776
6225,139189
7074,30906
7074,16496
7074,24967
7074,9446
8204,4166
8204,23728
8204,109248
8204,613760
8389,4166
8389,4299
8389,376463
8389,54136
8389,426416
8737,262198
8791,1347126
9446,4166
9446,1
9446,10
9446,2
9446,237876
9446,46549
9740,8355
9740,4481
9740,1531
9740,61114
10692,11703
10692,3064
10692,3313
10848,1274
10848,153206
11504,25701
11504,44261
13164,9446
13164,13164
13980,9446
13980,4166
14767,972
14767,54020
14767,687670
15171,70474
15171,265008
15171,351784
15171,77539
15171,258568
16327,549944
16327,81488
16734,75278
16734,273404
16734,421070
16734,2471030
16734,384600
16747,54136
16747,24967
16747,78040
16880,551362
16880,51132
16880,108450
16880,349968
17028,48673
17028,26979
17028,9034
17028,17849
17849,2840
17849,3313
17849,3064
17943,646152
17943,1
18981,124982
18981,33420
18981,18703
18981,4426
18981,36762
18981,747772
18981,24153
18981,690026
19580,3313
19580,58600
20159,250093
20908,2945497
20908,395439
20975,46549
20975,1
20975,16496
20975,9446
20975,26398
21559,104126
21629,1850070
21629,1463982
21629,1167326
21673,23
21673,24967
21673,16496
21673,1531
21673,35821
21673,65088
21673,17190
21673,2275
21673,45874
21673,79230
21673,181494
21673,307398
21673,31022
21673,75906
21673,59025
21850,9446
21850,16496
21850,16747
21850,10
22093,9446
22093,39567
22093,26979
22093,53892
22093,128537
22093,24967
22093,16496
22093,33420
22137,33420
22137,222746
22137,105174
22175,155601
23570,9446
23570,26979
23570,53081
23570,146719
23728,4166
23728,258568
23728,9446
23897,4063
24967,1
24967,9446
24967,5449
24967,10
24967,18703
24967,23
24967,22079
24967,35821
24967,2275
24967,17190
24967,59115
24967,65088
24967,54136
24967,124982
24967,35733
24967,139855
24967,87969
24967,41502
24967,2345274
24967,406552
24967,78040
24967,30906
24967,36762
24967,65776
24967,33570
25735,367646
25735,30906
25735,66163
25735,243377
25735,237602
26089,1337
26089,4426
26089,1531
26398,26979
26398,1
26398,16496
26398,22079
27895,1167326
27930,24967
27930,54136
27930,61393
27930,87969
27930,26398
27930,406552
27985,9446
27985,10
27985,22211
28229,266527
28233,5449
28506,24967
28506,64383
28506,241634
28506,158886
28506,17190
28506,560640
28506,43313
28506,489442
29899,128537
29899,20975
30158,249517
30236,406552
30906,24967
30906,49851
30906,49344
30906,22211
32095,20975
32095,9446
32095,16496
32095,26979
32095,35821
32494,155601
32849,26089
33240,35821
33240,35733
33240,52142
33240,24967
33240,72806
33570,34869
33570,24967
33570,301087
33570,146719
33570,30906
33570,9446
34622,24967
34622,65776
34622,241634
34622,16188
34869,24967
34869,46549
34869,9446
34869,54136
35077,107403
35266,26979
35266,959
35266,16496
35266,218525
35266,112345
35488,56282
35488,77320
35488,240280
35488,1128518
35488,780508
35488,258568
35488,518662
35488,654480
36036,155601
36088,61203
36590,12363
36762,9446
36762,91990
36762,5449
36762,1
36762,69959
36762,23
36762,75278
36762,24967
36856,262198
36856,26398
36856,54136
36856,57511
36856,29191
38665,78040
38665,32095
39078,49817
39078,122101
39567,23
39567,9446
39567,24967
39567,54136
39567,35733
39567,35821
39567,16496
39567,78040
39567,65776
40765,19631
40765,24967
40765,16734
41502,54136
41502,91319
41502,24967
41502,46549
41502,26979
41502,2345274
41502,471666
41502,35733
41519,999848
41519,1157256
41519,258568
41519,65776
41519,660472
41519,1
41519,76919
41519,5449
41519,222746
41519,755184
41519,238536
41519,53667
41519,276718
41519,75070
42327,128537
42327,75278
42327,146719
42327,78040
43559,1167326
43559,258568
44261,25701
45006,1197044
45640,12363
45640,24967
45640,2799359
45640,9446
45996,30906
45996,282446
45996,33240
45996,99777
45996,24967
46549,9446
46549,24967
46549,26979
46549,41502
46938,672996
46938,1184594
46938,944314
46938,173521
47194,215342
47194,693738
47194,99340
48411,70474
48446,41517
48446,57511
48643,309607
48643,182721
48643,86106
48643,49344
48643,272140
48673,26979
48673,9034
48673,16496
48673,9446
48898,54136
49282,15091
49282,1773
49282,65088
49282,104378
49282,166383
49282,79230
49282,191261
49344,1
49344,26398
49344,17190
49344,16496
49344,22211
49817,438598
49817,23
49817,1337
49817,1274
49851,35733
49851,9446
49851,4166
52142,36762
52142,46549
52142,24967
52142,1678604
53339,780508
53339,751964
53372,1047248
53372,123163
53372,409701
53372,830042
53892,20975
53892,26398
53892,67660
53892,179805
53892,81067
53892,128537
53892,24967
53892,25701
53892,16496
53892,33420
53892,9446
53892,36762
53892,30906
53892,35821
53892,1773
54136,48898
54136,32143
54136,46549
54136,10
54136,1
54136,35733
54136,87969
54136,41502
54136,24967
54136,9446
54136,39567
54136,88931
54136,18703
54136,4481
54136,34869
54136,33420
54136,2663
54136,22211
55284,93488
55284,201043
55284,107701
55284,54136
55284,30906
55284,66894
55284,227849
55284,99644
55284,2239
55284,153206
55284,321496
55284,16327
55284,160479
55284,241220
55284,35739
55284,93429
55284,81488
55284,157725
55284,155601
55284,172759
55284,274980
55284,336031
55284,881620
55284,1183748
55284,2287388
55284,768282
56020,16747
56020,71764
56020,46549
56020,22202
56020,146719
56441,262198
56503,109542
56503,28506
56503,912356
56503,2439296
56503,1041564
57956,111437
57956,683300
58600,112278
58600,26979
58654,4166
58679,65676
58977,70474
58977,110386
58977,265008
58977,77539
58977,244460
58977,67977
59215,4166
59747,16747
59747,262198
59747,59351
59864,309607
59864,86106
59864,412171
59864,172312
59864,228295
59864,77375
59864,931394
59864,53892
59864,840556
60422,9446
60422,1531
60422,24967
60422,65776
60422,241634
60728,539502
61114,1531
61114,17190
61114,54136
61203,26979
61203,16496
61203,1531
61203,128537
61203,24967
61203,9446
61203,54136
61203,75278
61393,9446
61393,27930
61393,87969
61393,41502
61393,54136
61393,26398
61393,26979
61393,32095
61393,16496
61393,1
61393,24967
61393,65676
61393,88931
62483,23570
62496,3313
62496,9446
62496,47566
62496,391689
62965,24967
62965,9446
62965,26398
62965,53892
62965,30906
62965,26979
62965,241634
62965,214652
62965,99340
63971,58600
63971,3313
63971,85586
63971,27072
63971,282537
64383,9446
64383,24967
64383,50674
64383,100456
64383,386087
65088,24967
65088,26979
65088,35821
65088,16496
65088,36762
65088,46549
65451,44756
65470,3313
65470,24967
65470,9446
65470,65088
65470,26979
65470,146719
65776,35733
65776,9446
65776,124982
65776,1
65776,4166
65776,54136
65776,24967
66273,65676
66273,2104556
66273,1879760
66880,1167326
68459,75278
68459,595250
68459,98581
68459,183932
68621,49344
68621,60422
68905,91990
68905,56282
68905,77320
68905,373605
68905,1037976
68912,9446
68912,1678604
68912,24967
68912,35733
69463,386087
69496,258568
69706,99340
69706,780508
69706,98730
69959,36762
69959,26979
69959,1678604
69959,24967
70190,125814
70190,449000
70474,58897
70474,67977
70474,49940
70474,26979
70474,77539
71563,26979
71563,9446
71563,23
71563,24967
71764,16747
71764,761344
72475,3064
72475,46549
72475,148199
72810,112345
72871,65470
72964,213574
72964,60936
73183,58600
73545,47098
73854,4166
74392,52142
74669,24967
74669,128537
74669,9446
74669,65776
76026,9446
76026,53892
76026,183018
76026,31033
76026,33240
76245,214652
76245,372772
77320,35733
77320,9034
77320,9446
77453,227761
77453,49344
77599,160302
77785,6521
77785,85586
77785,35821
77785,116053
77805,36762
77805,65776
77805,82971
78665,25701
78665,44261
78665,128537
78665,61203
78665,146719
78665,33667
78965,1037606
78965,389011
78965,2412664
81456,5449
81456,19668
81456,76919
81456,31977
81456,250993
82964,9446
82964,23
82971,19836
82971,3555
82971,36762
83474,99340
83474,26398
83474,107158
83474,254778
84263,79230
84263,241634
84886,1467782
84886,1
84886,214652
84886,9446
84886,54136
84886,26979
85586,24967
85586,26979
85586,58600
85586,3313
85586,2840
85586,33290
85586,78040
85586,9446
85586,35821
85730,65776
85730,395439
86106,9446
86106,99340
86106,49344
86106,22211
86970,595658
86970,551936
87203,1825768
87585,258568
87585,226976
87585,262198
87969,54136
87969,24967
87969,35733
87969,41502
87969,124982
87969,9446
88338,93254
88338,92096
88338,331594
88338,101665
88338,615672
88701,35821
88701,41502
88701,24967
88701,9446
88701,65676
88931,54136
88931,78040
88931,24967
91990,36762
91990,4063
91990,75278
93488,157725
93488,4166
93488,258568
93488,241634
93488,99340
93488,65776
93488,37286
93488,274980
93488,881620
93488,9446
94289,58897
95785,166383
95785,153998
95785,44261
96002,5212
96002,67296
96002,33420
98730,155601
98730,258568
98730,10083
98799,52142
99340,26979
99340,241634
99340,9446
99340,24967
99340,1037976
99340,65776
99340,157725
99340,35733
99340,49851
99340,107158
99777,9446
99777,26979
99777,65470
99777,14572
100267,348228
100291,68912
100919,24967
100919,172120
101412,72806
101412,92012
103553,26979
103553,53892
103553,46483
103553,124982
103553,18981
103634,24967
104378,51132
104378,240860
104378,98079
104378,276290
104378,275808
104378,262245
104378,108450
104378,49282
104378,1773
104378,24967
104378,35821
104378,100456
104378,74425
104378,153998
104378,192989
105524,32095
105524,67660
105524,85586
105524,748566
105777,4166
105777,58654
105777,59215
106070,49344
106070,51132
106134,1682402
106885,567694
106885,412650
107158,54136
107158,99340
107158,4166
107158,254778
107158,39567
107158,16747
107158,183211
107158,9446
107158,214652
107229,107403
107229,99777
107229,62965
107229,17943
107229,960720
107403,54136
107403,9446
107403,39567
107403,1678604
107403,157725
107403,26979
107403,78040
107403,35733
107667,224499
107667,36942
107667,24967
107667,65088
107667,83474
107667,397618
107667,244597
107780,30957
108450,104378
108450,24967
108450,35821
108450,51132
108450,26979
109248,9446
109248,352587
109248,59215
109248,58645
109335,591932
109870,24967
109870,65088
109870,454444
109890,120651
109890,278450
109890,36762
110386,33420
110386,3313
110518,241220
111145,65676
111145,697210
111145,694726
111145,58666
111437,24967
111437,258568
111437,226976
112063,1678604
112063,96935
112063,24967
112063,34869
112063,67977
112063,77539
112063,168251
112345,35266
112345,65776
112345,218525
112345,24967
112345,139189
112345,118406
112345,1431110
112345,395439
112345,3235635
112352,1198438
112500,168251
112500,54136
113268,62965
114207,804134
114444,52142
115695,68905
115695,80733
115695,4166
115695,258568
115856,59702
116002,118908
116002,257311
116053,3313
116201,35266
116201,1508390
116231,30906
116397,22211
116397,598310
116893,49344
116893,241634
116893,24967
116893,9446
116893,115444
117368,1531
117368,4063
118398,26398
118857,183956
118857,254778
118857,99340
118908,9446
118908,54136
118908,35733
118908,99340
118908,241634
119432,820356
120351,464624
120351,18219
120351,1773
120651,36762
120651,278450
120651,109890
120651,24967
120651,153963
120651,150473
120651,35821
120651,27802
120651,139334
122101,49344
122101,30906
122101,63775
122101,118449
122101,49817
122101,16581
122101,86106
122101,959536
122464,4063
122682,49851
122682,266779
122682,122101
122682,107403
123987,744628
123987,19501
125378,321496
125751,448086
126783,159507
126783,1018262
126783,391852
127091,234612
127091,458578
127556,89512
128191,262198
128191,63155
128191,73183
128191,175891
128537,24967
128537,16496
128537,65776
128537,9446
128537,20975
128537,30906
128537,36762
128537,1531
128537,65088
128537,93254
128537,146719
128537,4426
128652,214652
128652,227761
129088,657848
129588,65776
129588,9446
129588,155601
130342,959536
130909,32095
130909,222241
130909,264148
130909,82971
130909,3555
132175,56020
132175,54136
132175,9446
132175,26979
133806,38580
134177,361698
134782,147188
135190,9371
138216,24967
138216,9446
138216,168251
138216,241634
138230,19668
138230,253430
138230,501688
138305,158153
138305,774070
138388,125473
138388,631904
138388,359937
139189,24967
139189,258568
139189,36762
139855,24967
139855,9446
139855,46549
139855,1
139855,4166
139855,124982
139855,128537
140080,349968
141706,62496
141706,208732
141706,24967
143056,61203
143172,9446
143172,24967
143172,36762
143496,271780
143496,10297
143496,19044
145613,42327
146719,26979
146719,26398
146719,24967
146719,54136
146719,820332
146719,244460
146719,99777
146719,94675
147794,26979
147794,85586
147794,104
148199,30906
148199,24967
148199,54136
148199,65776
148199,241634
148199,36762
148199,128537
148199,147331
149225,72958
149225,59025
149225,72964
149225,112500
149225,724750
149225,168251
149225,402562
149580,262198
150331,85730
150473,36762
150473,27802
150473,91990
150473,120651
150473,16496
150473,139334
150473,244460
151671,32095
151671,26398
151868,112500
151868,168251
152678,184408
152678,376463
152678,8389
152678,128191
153116,52142
153116,95964
153116,89684
153120,5449
153120,49851
153120,266779
153888,1850070
153963,120651
153963,9446
153963,27802
153963,53892
153963,36762
153963,65676
153963,109890
153963,33420
153963,298852
153963,24967
153963,103935
153963,264833
153963,31731
153998,128537
153998,24967
153998,65088
153998,166383
153998,239911
153998,16747
153998,362406
153998,26398
153998,255704
154069,298852
154069,36762
154069,153963
154069,680072
154086,87585
154086,45934
154086,99340
155601,24967
155601,241634
155601,214652
155601,9446
155601,4166
155601,65088
155601,1
156237,86106
156237,367701
156237,49344
156237,729614
156237,71764
156237,16132
156600,30906
156600,209141
157725,54136
157725,128537
157725,107403
157725,9446
157846,628748
158153,99777
158153,258568
158153,4166
158886,24967
158886,128537
158886,155601
158886,139855
158886,65088
158886,61873
158886,9446
159507,151868
159507,13085
159638,35266
159638,103796
160302,693738
160302,42327
160302,85586
160302,172987
160302,1167326
160302,75278
160302,24967
160479,81488
160479,241220
160918,65676
160918,37679
160918,56154
160918,338433
160918,747308
161058,59025
161058,244460
161263,26398
161263,81067
161263,392906
161263,161913
161913,157079
161913,24967
162357,68912
162357,24967
162357,33667
163683,1
163683,26979
163683,69959
163683,265008
163683,125573
163683,9446
163683,5449
163683,18703
163683,23
163683,36762
163683,65776
163683,33570
163683,118406
163839,262198
164217,58600
165145,17157
165145,160468
165145,153998
165145,33420
165811,38580
165811,65776
165811,241634
165811,589074
165811,99340
165878,77539
165878,159141
165878,118452
165878,761344
165878,616192
165878,162305
166970,24967
166970,23
168440,890274
169037,65776
169037,155601
169668,66207
169668,155601
169668,67660
169668,128537
169668,32696
169668,17995
169668,52557
172312,49385
172312,632564
172312,309607
172312,116397
172312,263678
172312,24967
172527,65776
172527,24967
172527,241634
172527,107403
172527,9446
172987,75278
172987,26398
173461,29137
175891,3313
175891,128191
175891,24967
175891,146719
175968,66163
175968,65470
175968,128191
175968,385042
176391,8389
176391,376463
176391,717290
177088,2375
177088,364178
177445,31033
177445,151344
181454,787114
181798,36762
181798,262198
183211,54136
183211,39567
183211,35733
183211,24967
183211,4481
183211,9446
183956,99340
184527,68912
185336,1463982
185336,1167326
185336,85586
186334,246646
186970,33240
186970,358731
186970,1036766
188162,26398
188162,9446
188162,24967
188603,727580
188603,748566
188603,65676
188603,92096
188603,89718
188603,16496
191182,35733
191182,409
191182,94675
191212,79082
191212,426416
191261,218671
191261,66162
191261,372772
191261,76245
191261,44261
191261,25701
191261,35821
191261,85586
191498,470032
191498,1817468
191552,63155
191552,317704
191552,198090
191965,9446
195261,36762
195261,69959
195261,235047
195261,91990
196837,643820
197160,49817
197160,122101
197160,39078
199064,24967
199303,9446
199303,4166
201481,216107
201481,80260
202205,972
205582,16747
205582,59747
205582,262198
205582,5449
205582,729614
205645,24967
205645,241634
205645,99340
205645,9446
205645,395439
205645,83205
205645,70688
206687,258568
206687,36762
206687,30906
208387,65776
208387,684452
208568,122101
208568,50717
208568,25348
208732,34869
208732,33570
208732,24967
208732,22211
208732,23
209141,30906
210402,1358080
210402,262198
210464,238439
210499,201798
210687,779688
212019,24967
212019,26398
213194,99340
214652,9446
214652,26398
214652,35733
214652,22211
214652,53892
216580,301087
216580,33570
218259,10692
218368,99340
218368,57511
218368,229048
218368,124705
218525,35266
218525,24967
218525,1773
218525,38580
218525,1198144
218525,395439
219410,62965
220119,1167326
220136,85730
220136,68912
220136,184527
220136,213025
220136,471650
220136,57130
220136,1295980
220177,108450
220177,258568
220177,125473
220177,138388
220177,294937
220747,5622
220747,51132
220747,455130
220747,1799550
220747,336254
220747,1511704
221967,748566
221967,65776
222661,191498
222661,470032
222661,962636
222962,1616656
224499,99340
224499,26979
224499,27985
224499,24967
224499,9446
224499,107667
224499,83474
224754,79076
226712,214652
226712,227761
226976,65776
226976,24967
226976,9446
226976,241634
226976,155601
226976,660472
226976,258568
227416,191339
227761,9446
227761,214652
227761,77453
227814,1167326
227814,258568
227849,1531
227849,5449
227849,187099
227849,471666
228295,4481
228295,359937
228295,16747
228295,59747
228295,262198
228295,761344
228431,467284
228712,201798
228712,61114
228712,78134
228712,26979
228712,58897
228712,1
229127,31977
229127,56154
229127,37679
229127,595658
229127,86970
229127,551936
231429,350460
231429,653384
231429,717826
232224,293298
232224,122101
232224,57894
232224,735352
232224,374355
232224,1231448
232224,408170
233651,154797
234000,226976
234000,241634
234000,65776
234000,1167326
234472,1463982
234472,382067
234751,21629
235047,36762
235047,85586
235047,23
235047,75278
235047,24967
235345,589074
235438,195461
235438,1499798
236439,1564318
236758,155601
236758,65776
237346,53372
237346,55341
238018,488704
238033,139855
238033,282446
238439,122101
238439,682736
238439,780508
238638,78040
239562,24967
239562,53892
239562,30906
239562,9446
239562,258568
239911,128537
239962,26979
239962,107403
239962,30906
239962,68284
239962,1312210
239962,16747
240860,51132
241220,160479
241220,81488
241276,643820
241276,214652
241634,34869
241634,35821
241634,112500
241634,168251
241634,53892
241634,26979
241634,24967
241634,9446
241634,139855
241634,54136
241634,99340
241634,36762
241634,75278
241634,1037976
241634,78040
241652,372123
241652,101412
242659,45874
242659,241634
243255,93254
243377,54136
243377,99340
243500,85586
243500,65776
244227,54136
244460,31022
244460,146719
244597,83474
244597,36942
244597,107667
246154,266779
246154,14944
246154,12363
248932,1879760
248932,688610
249517,60422
249768,24967
249768,36762
249768,139334
249768,98581
249768,150473
249768,17190
249768,35821
251087,501638
251087,104631
251739,1167326
251739,79230
251739,24167
251739,87885
252608,168934
252788,245817
252788,4166
253430,19668
254158,751964
254158,4166
255733,118908
255969,1850070
256027,8859
256027,122464
256027,666176
256027,1345130
258167,118637
258172,101816
258364,157498
258364,183956
258568,53081
258568,47874
258568,23570
258568,36762
258568,65776
258568,4166
258568,24967
258568,9446
258568,157725
259511,16496
259511,65088
259511,24967
259511,32095
261457,25701
261457,20975
261457,53892
261457,9446
261457,26398
261457,26979
262120,214652
262120,65776
262120,748566
262198,16747
262198,36762
262198,56020
262198,59747
262198,392906
262245,748566
262245,100456
263678,1828874
263678,309607
264148,54136
264148,4166
264148,24967
264148,26979
264148,9446
264148,139855
264148,107403
264569,395439
265008,9446
265008,54136
265171,85730
265171,89146
265648,61393
265648,107403
265648,87969
266527,258568
266527,36762
266779,14944
266779,192534
266779,23897
266779,181494
266779,239700
266779,5449
266779,49851
266779,246154
266779,144965
266803,100420
267416,1850070
267481,59215
270024,1195752
270024,1540340
271230,9446
271230,24967
271230,258568
271230,65776
271282,258568
271282,226976
271780,52142
272357,8389
272357,53892
272357,430759
272357,26398
272357,24967
272357,1
272357,166383
272357,114508
272357,18703
272357,376463
273404,16734
273404,384600
273404,75278
274559,49851
274559,1850070
274559,258568
274559,160302
275226,1773
275249,450370
275249,972
275619,48877
276698,33528
276698,346823
276698,65088
276698,1531
276698,24967
276698,155601
276698,809684
276995,9446
276995,52142
276995,160302
277051,9446
277051,69959
277051,712186
277051,45640
278167,258568
278167,33570
278343,890274
278343,168440
278343,248932
278343,1879760
278343,688610
279881,1167326
279881,1463982
282415,262043
282415,682736
282415,398572
282415,39567
282415,107403
282629,744628
282629,77320
282629,148756
282629,19501
286912,29899
288060,293443
288060,611528
288260,608670
288260,240860
290182,53892
290182,69959
290182,78040
290961,155601
293298,122101
293298,16581
297364,79230
297364,40977
297364,619702
298263,751964
298263,87969
298263,24967
298711,1850070
298736,972
298736,202205
298736,687670
298736,54020
298736,114741
298736,624754
298852,163643
298852,36762
298852,27802
298852,153963
298852,91990
298852,26979
298852,319409
299157,991204
299685,633124
302114,106885
302114,277221
302114,27805
302114,165811
302114,547088
304933,352587
304933,46104
304933,35821
304933,36762
304933,91990
304933,163643
304933,195063
304933,150473
307428,258568
307428,99340
307428,224499
307428,107667
307428,83474
307428,107158
309506,24967
309607,116397
310312,80388
310465,101412
310720,628398
312340,16327
312340,549944
312340,321496
313975,27930
313975,35821
313975,24967
314031,214652
314031,4420
314289,198838
315047,49344
315047,254160
315047,30906
315047,86106
315047,808668
315047,24967
315047,5449
315522,199303
320051,24286
320051,249748
320775,258568
320775,157079
320775,1175666
320775,2743481
322017,960720
322017,107229
322017,17943
322039,57511
322039,116002
322618,107403
322618,39567
325151,282415
325244,262198
325244,1850070
325244,99340
325244,241634
325832,23
325832,16496
325832,24967
325832,16747
325832,258568
327076,99872
327076,128191
327076,281751
327191,12363
328724,201798
328724,85730
328724,54136
328724,146719
329051,77375
329051,16102
329481,1837556
329570,36762
329570,91990
329570,54892
331228,33667
333159,30906
333159,401559
333159,395289
333159,208732
333159,112500
333159,168251
333159,683300
334111,42239
334111,57130
334111,220136
334965,24967
334971,643820
336254,65776
336254,1167326
336910,66894
336910,35997
336910,51467
336910,262198
336910,48877
337589,48877
337589,1524200
339326,4736
339326,56282
339335,87585
339714,58600
339714,105002
339714,108450
339798,305669
340531,65088
340531,55284
340531,99644
340531,155601
340531,157725
340531,1167326
340667,48877
341085,55005
341229,116305
341229,820356
341395,9446
341395,39567
341395,118908
341395,54136
341395,26979
341395,116002
341395,773216
342613,100291
342613,47098
342613,672996
342613,428960
345239,108450
346106,1152646
346106,726432
346106,1468898
346106,80531
346106,754304
346803,72012
346803,25523
348120,1253098
348120,1241698
348120,740628
348228,4166
348228,9446
348228,305669
348228,123766
348228,17028
348228,100267
349968,65088
349968,222746
349968,33528
350126,309607
350126,9446
350444,617756
350444,780508
350444,125378
351388,80954
351388,875050
353190,77375
353190,244460
353190,145945
353190,404732
353589,89512
354059,118908
354424,130486
354705,226976
355033,205645
355033,70688
355880,733370
355880,1773
355880,51132
358721,100291
358721,301925
358721,299607
359881,105066
360690,262198
360968,65776
360968,234000
360968,751908
360968,395439
360968,258568
360968,160302
361659,87203
361659,1825768
362044,48877
362406,239911
362406,88701
362406,128537
362406,255704
362649,246492
362649,35821
365356,1652472
366134,172845
366639,1167326
366695,164217
366695,381064
367108,30906
367108,53081
367108,67
367215,74392
367215,90604
367287,61203
367646,25735
367646,66163
367646,499438
367646,243377
368076,212904
368076,81488
368076,160479
368076,241220
368076,37679
368076,65676
368076,499438
368076,598310
368076,748566
368613,1274
368613,99644
369147,33570
370574,38580
370574,65776
370574,241634
370574,1011436
370574,99340
370574,395439
370574,1198144
370574,214652
370574,157725
370767,1225098
373733,94675
373733,3064
373733,239519
373733,434354
374355,122101
374355,293298
374355,1206650
374355,735352
376347,27985
376347,258568
376347,172987
376347,1011436
376347,780508
376347,382067
376463,8389
376463,76245
376463,77785
376463,85586
376463,258568
376463,4166
376463,643820
376463,107158
376907,518662
376907,32095
377795,361698
378397,35821
378397,53892
378998,98581
381388,231558
381388,258568
381388,999848
381388,3064
381388,373733
381388,391689
382067,107403
382067,157725
382067,214652
382067,99777
382067,4166
382067,63999
382217,525170
382217,99012
382217,60422
382686,66894
382686,35997
382686,605216
382686,305669
384871,258568
385468,24967
385468,36762
385468,49344
385468,17190
385468,16496
385468,65088
385468,35821
385468,660472
385468,79230
385468,420631
386004,258568
386004,1167326
386004,145945
386230,58679
386375,208732
386375,33570
386375,122101
386375,30906
387593,39078
387593,959536
387593,258568
388134,28016
388249,93429
388249,157725
388753,129588
388753,110263
389011,24967
389011,241634
389011,36598
390591,215342
391231,237482
391231,37679
391231,241634
391689,62496
391689,168159
392790,25523
393446,26069
393446,547544
395031,122101
395031,682736
395031,584858
395392,1819482
395432,669530
395432,157732
395432,515884
395439,2416724
395439,83205
395439,1412036
395439,1198144
395439,118908
395439,214652
395439,241634
395439,99340
395439,157725
395439,112345
395439,54136
395439,65776
395439,134410
395439,370574
395439,31698
395439,38580
395439,761344
395439,61203
395439,155601
395439,24967
395439,218525
395439,1431110
395439,272310
395439,32095
395439,627278
395439,135234
395439,1045484
395439,36762
395439,17943
396673,293298
396673,374355
396673,122101
397618,36942
397618,83474
397618,99340
398101,1195752
400240,33570
400240,301087
400240,208732
400626,16747
400881,26666
403301,100291
403301,258568
403301,93488
403838,40894
403838,92967
403838,640024
403838,154797
403838,347249
403881,8566
403881,182491
404732,24967
404732,9446
406120,89512
406120,155304
406120,241634
406120,116893
406120,1167326
406120,598310
406120,115444
406120,158025
406120,380305
406120,214652
406120,160302
406275,72815
406275,19044
406275,396333
406343,598310
406343,321496
407020,831
408170,122101
408170,87203
408170,49817
408170,293298
409433,41070
409433,16132
409433,214652
409554,262198
409554,36762
409554,325244
409701,53372
410185,28233
410185,986538
410433,77785
410433,455130
411448,742906
411999,69959
411999,88931
411999,737486
411999,58600
411999,92096
411999,24967
412171,598310
412171,4166
412235,388249
412272,297068
412272,195064
412272,195493
412402,4166
412402,258568
412402,8389
412402,65776
412402,8791
412402,341265
412402,15016
412465,999848
412465,99149
413139,58679
413139,66894
413139,35997
413359,1133464
414074,1093160
414226,9446
414226,1678604
414226,24967
414226,35733
414226,68912
414226,5449
414226,49851
414226,26979
416894,228712
417315,24967
417315,89512
417693,19822
417926,1639580
418511,157725
418511,881620
418511,274980
419305,124705
419305,2901211
419876,36762
419876,1678604
419993,200188
419993,282415
419993,253909
420061,388424
420365,1167326
420365,86970
420365,595658
420365,229127
420365,1078742
421070,36762
421070,273404
421070,16734
421070,384600
421070,75278
422339,53892
422339,1724654
422339,615130
422459,155601
425798,54611
425798,258568
425798,226976
426434,678770
426434,618924
426434,1312210
426817,68459
426817,98581
426817,595250
426817,26398
427536,372772
427536,44261
427536,25701
427536,1167326
427536,1078742
427536,160302
429502,65776
429502,24967
429502,241634
429843,33570
429843,208732
429843,301087
429843,65470
430714,45874
431210,598310
431630,114508
431630,128191
431630,99872
433663,9446
433663,1167326
433682,473738
434354,1
434354,2439296
434354,24967
434354,373733
434354,391689
434354,2899677
434354,54034
434354,1184486
434354,2689807
434354,45640
434354,277051
434354,381388
434354,3064
434354,999848
438598,23
438598,58600
440810,115500
440810,262938
447070,7074
447070,250093
447070,68426
447070,457434
447070,1189254
447070,432430
447070,733370
451340,66894
454730,49344
454730,368854
454730,860806
455130,820332
457434,447070
457434,65776
457434,234000
459940,73854
460388,19668
460388,16734
460388,371450
461594,160302
462094,450370
462700,241634
462700,107403
462700,86106
464618,241634
466258,24286
466258,83352
466268,49851
467650,254158
467650,2104556
468426,1564666
468982,68912
473738,53995
474296,740
474296,65088
474296,52142
474296,181494
485222,24967
485222,155601
485222,69959
485222,36762
485222,1678604
485650,35821
485650,85586
485650,772738
485650,1636348
487058,35821
491720,150473
491720,166383
491720,1463982
491720,336254
492012,271491
492012,30906
492012,406552
495716,780508
496408,262198
496408,36942
498926,65676
498926,65776
498926,1167326
498926,258568
498926,426416
498926,26398
498926,160302
498926,49851
498942,25382
501638,67
501638,183211
501638,183932
501638,166383
501638,241634
501638,99340
501638,85586
501638,1167326
501638,160302
501638,226976
501638,234000
501638,65776
501638,258568
502442,478028
502506,71764
504278,35821
507086,573680
509070,566926
511760,32095
511760,820332
512828,16747
512828,262198
514568,116397
514568,122101
514568,632564
514568,80423
514568,309607
514568,350126
516442,93254
516442,92096
517314,37340
521370,37679
521370,65088
521370,999848
521370,24967
521370,485222
521370,65676
521370,188
525170,24967
525170,60422
525170,423887
525170,53667
525170,17089
526278,133720
527206,86106
527206,266527
527776,157498
527776,51103
527776,183956
531640,93488
533416,640024
533416,189123
533416,383630
533416,855980
535820,328724
536168,107158
536298,1
536298,24967
536298,69284
536298,1386596
536298,406552
536298,748566
536298,493050
536298,388787
536298,1666662
536298,2332704
536298,2351002
536298,1811532
536298,65776
536298,1078742
536298,3006119
536298,3200081
536990,2104556
536990,1078742
539474,682736
539474,262198
539502,1337
543486,486726
547088,106885
547088,12564
547088,511760
547092,986538
547138,123987
547544,3555
547544,19836
549850,335044
549944,16327
549944,371412
549944,54136
550640,35821
550640,16496
550640,65088
551936,86970
551936,153206
551936,595658
552052,1167326
552052,80733
553954,547088
556088,234004
556088,536144
556088,329125
556088,3555
556088,93488
556088,157725
557472,100291
557472,1463982
557472,47098
557472,118908
562168,64620
562168,89208
562544,9777
563782,81067
563782,26398
563782,32095
563782,25701
563782,201798
563782,67660
563782,105524
563798,820356
563798,382067
567438,1074930
568110,220177
568228,58834
568228,130486
568228,54136
568798,36762
569688,336254
570956,1116218
570956,118908
571032,58600
571892,17111
572530,24967
572530,1531
572530,1773
572530,61137
572530,11015
572530,3589
572828,258568
573464,8852
574066,99777
574124,118908
574124,257311
574124,116002
574650,258568
574814,258568
574814,1167326
576560,139189
577844,59351
577844,157725
577844,321496
578944,99872
578944,1167326
578944,1463982
578944,333731
578944,128191
578944,327076
578944,428706
581242,1078742
581242,780508
581242,62965
584072,137882
584072,26979
584974,86683
589074,165811
589074,511760
589074,567694
589074,412650
592104,1826778
592104,168440
592268,99644
592574,59710
592574,118258
592948,1156086
592948,302791
592948,991204
593242,315225
595374,820356
595476,239562
595476,1463982
597730,241634
597730,24967
597730,112500
597730,9446
597730,65676
597816,120058
598310,147331
598310,24967
599438,774070
599438,262198
599438,690914
599438,205582
599438,228295
599438,1289762
599438,48424
599438,16747
599846,29699
600374,56282
601548,98079
601548,336254
602798,1150660
602798,241634
602798,168251
602798,724750
604700,1078742
608670,16496
608670,65088
609056,65776
610838,255263
610838,622308
610838,329006
610838,384714
610838,166383
610838,16734
610838,1184088
610838,226441
610838,253444
610838,133572
613622,18042
613760,359879
613760,23728
613760,9446
613760,16678
613760,255704
613760,5449
616908,66273
616996,27930
616996,32095
616996,65676
616996,107403
618924,678770
619702,124707
619702,959536
619702,4166
619702,254778
619710,125473
622526,321496
622826,79230
622826,72810
622826,65088
622826,122101
622826,1433006
622826,706560
622826,188
623820,615672
623820,732996
624216,77785
624318,1837932
624318,390898
625440,19501
625440,282629
627430,1
627430,52142
627430,23
627430,78040
627616,220177
627616,589074
628622,321496
628622,780508
631020,324696
631020,981944
632928,301087
633216,26746
633216,1295980
633216,285141
634642,8566
634642,1037580
635308,107403
635308,322618
635308,361625
636202,55005
636202,267481
636202,4166
636202,428960
639254,464624
639254,249517
639254,17089
639254,882424
639254,253444
643820,4166
643820,24967
643820,258568
643820,376463
643820,214652
643820,157725
643820,99340
643820,16747
643820,183211
643820,107158
643820,65776
644012,218937
651230,643820
651230,65776
651832,464624
651832,143172
652554,80469
652554,1852732
652554,32095
653778,717290
657078,70474
657078,244460
657782,103796
657782,693738
660472,30906
660472,65776
660472,241634
660472,24967
660472,329570
660472,16496
660472,79230
661820,381388
663278,258568
663972,567986
665074,155601
665074,678770
665074,99280
665074,104378
665074,430909
666176,999848
667986,571032
668676,369262
670160,400971
671396,438598
672052,49137
672052,349968
672052,33528
672908,112208
672996,47098
672996,1290250
672996,173521
672996,1184594
672996,342613
675568,28366
680072,36762
680072,139334
680072,1012428
680072,49344
680072,24967
680072,27802
681326,428960
681326,1217894
681326,72031
682736,398572
682736,356249
682736,1274
682736,23
682736,438598
682736,49817
682736,99340
682736,262198
682736,31022
687670,9446
687670,1037976
687670,99340
687670,395439
687670,1167326
687670,65776
687670,234000
687670,258568
687670,972
688610,890274
688610,248932
688610,278343
689684,77785
689684,226013
689684,85586
689720,389011
690418,324393
690418,850856
691282,62496
691282,96647
691282,600756
692278,3555
692278,89118
692278,58331
699286,65776
699674,294937
699770,139334
700416,378397
702354,1108
702354,157725
702354,16327
702354,81488
702354,321496
702354,66273
702354,549944
702354,368076
703680,17089
704910,30906
704910,49344
707120,928636
709702,245635
709702,331389
710368,382126
710368,613760
710368,729614
710680,5449
710680,26979
710680,65676
712186,36762
712186,208732
712186,109890
712454,297068
712454,195064
717290,653778
717290,2853823
717290,8389
717290,376463
717290,4649
717290,176391
718388,24967
718388,279352
718388,8859
719888,762570
720546,1579186
720546,2421180
720558,294937
720558,125473
720712,129088
721056,780508
721548,9446
721548,1837556
723426,358753
723426,2339074
724666,358721
724666,100291
724750,112500
724750,168251
724750,390447
724750,241634
726432,346106
726432,71291
726432,31022
726432,262198
727842,615306
729614,83385
729614,9446
729614,22211
729614,54136
730718,47098
730718,672996
731000,400971
731000,670160
731188,16734
731188,195325
732996,615672
732996,88338
733370,51132
733370,104378
735352,550110
735352,293298
735352,122101
735996,61873
735996,51132
738462,255704
738462,398315
738650,239562
738650,258568
739994,142419
739994,36762
739994,24967
739994,42579
740628,87203
740628,66894
740628,157725
740628,1283668
740628,348120
740628,122101
741478,636494
741478,894934
744628,30906
744628,48877
744628,9446
744628,77320
744628,61873
744628,148756
745076,314031
745218,598310
745218,9446
745218,87969
745218,24967
746326,361698
747308,160918
747308,237482
747308,338433
748566,88931
748566,24967
748566,78040
748566,598310
748692,1359374
749470,16327
749470,549944
749470,354424
749470,1208238
749470,321496
750068,49344
750068,30906
750068,755184
751266,99012
751266,146755
751908,65776
751908,241634
751908,157725
751908,26398
751908,78040
751960,58331
751960,282666
751960,33827
751964,32095
751964,87969
751964,24967
751964,598310
751964,61393
752140,15171
752140,214723
752364,49282
752364,65776
752364,258568
752364,42579
752364,191261
752364,751908
752364,79230
752364,65793
752364,84263
752364,226976
755184,30906
755184,49344
755184,750068
755464,1078742
757938,274084
758014,334568
758014,844718
758986,1167326
759774,1159692
760600,116893
760600,36762
760600,1167326
760600,258568
760600,47405
761810,404350
761810,116053
761810,310419
761810,225592
761810,158583
761810,746636
762570,32494
762570,258568
763420,1850070
765144,125473
765144,258568
765144,65776
765174,557472
765584,516442
765584,47566
765584,88338
765584,615672
768548,35488
768548,76919
768548,68905
768780,125473
768780,192617
774052,361698
774582,704910
774886,1198144
779298,1791830
779298,35936
780004,166383
780004,211722
780508,748566
780508,32095
780508,258568
780508,751964
780508,1167326
780508,160302
780508,65676
782670,172312
782670,153998
786724,113372
786724,37075
789384,266527
789986,786032
789986,404732
789986,241634
794144,4481
794144,13085
796148,12856
796148,30906
796148,155304
796148,262198
796160,80260
796160,12363
796160,597820
796160,13896
796160,195493
796160,246154
796160,61512
796160,163285
796872,820356
797980,448086
797980,59702
801220,1159450
801982,258568
804134,114207
804280,678770
804280,618924
804280,669820
804280,485280
805540,2375
805540,20694
807452,248999
807452,787856
807452,2317482
808668,49344
808668,86106
808668,2416470
810676,118908
810676,302791
810676,305669
351327,238033
351327,282446
351327,139855
351327,313537
363120,191974
406275,146055
406275,83
406275,501638
406275,146719
485650,5427
486726,36036
486726,155601
639098,314031
707958,820356
789384,1746814
813560,302791
813560,810676
813890,30906
813890,108450
813890,72815
813890,26979
813890,118908
813890,20975
813890,42579
813890,261788
813890,35821
813890,49344
813890,68459
813890,108010
813890,79230
813890,9446
814076,780508
814290,999848
816112,44261
816112,1973030
818836,62965
819564,1945102
819564,26914
819564,25349
819564,472348
819564,495702
819564,5277
820200,262198
820200,1358080
820332,146719
820332,244460
820356,99340
820356,107158
820356,155601
820752,65776
820752,1167326
820752,258568
820752,35733
820752,411684
820752,109870
820752,753372
820752,226976
820752,38580
820752,47512
823694,84263
823694,298263
824390,382067
824780,1167326
826222,199303
826568,772738
829152,99340
829152,65776
829152,214652
829152,258568
829152,157725
829186,246154
829198,105002
832170,85730
834002,9446
834002,1852732
834002,80469
834154,258568
834154,1852732
839766,967058
839766,522252
840252,273423
840252,358721
840252,414154
840252,188174
841054,157725
841382,584858
843624,258568
844484,801596
844484,1190096
844484,943656
845142,241634
845142,65776
845142,155601
845380,1850070
845380,125814
846056,487058
848238,258568
848238,680072
850520,262198
850520,1358080
850520,769014
850608,138388
850856,324393
850856,125473
850856,122862
856112,26979
856454,134410
856454,551936
856454,139189
856454,395439
856454,31698
856734,118908
858502,370574
858502,32095
858502,65776
858604,309607
858604,48643
858604,59710
864138,154546
864752,358753
866306,19668
866306,138230
868342,42579
869224,16496
869224,9446
869224,220947
869224,262198
869224,57511
869224,1358080
869224,1511704
869224,30906
870640,44261
871988,153963
872688,215342
873104,21629
873104,1159696
873816,1167326
873816,738526
873816,241634
874262,267481
874262,55005
874556,266779
874556,32095
874556,35821
874556,2840
878438,1050564
880306,99872
880306,578944
880306,333731
880306,327076
881620,157725
881620,274980
881620,120013
885728,369262
888364,696648
888364,27930
888364,536298
890274,1879760
896508,246492
897726,24967
897726,35821
897726,1
897726,181428
897726,17190
897726,16496
897726,166383
897726,79230
897726,59025
897726,1531
898386,23887
900582,920070
901100,843624
903844,118908
903844,116002
903844,279264
903844,16747
905998,4420
909522,359937
913078,262198
913078,748566
913078,1463982
913084,14767
913084,687670
913084,1134002
913844,197160
913844,282415
913844,258568
918342,57294
918342,178983
918342,1274
918342,368613
918830,49344
918830,271491
920070,93488
920070,1167326
922908,959536
922908,1483672
923506,239562
924250,17849
927032,313382
927110,27805
927110,277221
928682,267481
928682,2784555
928682,636202
928864,51357
928864,1324348
928864,162123
928864,334263
931394,258568
931394,99340
931394,9446
931394,172312
931394,182721
931394,309607
935934,9446
935934,65776
935934,157725
935934,24967
935934,160302
935934,99777
940324,72810
940324,1579186
940324,566584
940324,708168
941916,26979
942200,1195752
945606,9446
945606,262198
945606,198838
950510,24967
950510,35821
951734,589074
951734,165811
953000,39694
953000,18981
953204,222673
956506,782568
956506,389053
957586,30161
959536,4166
959536,73854
959536,105002
959536,125814
959536,61114
959536,9446
959536,122101
959536,24967
959536,258568
959536,254778
959536,65776
959536,99340
959536,49817
959536,395439
959536,1852732
959536,183211
959536,107158
960720,107229
960720,17943
965290,850520
965660,116305
967058,514046
971338,1773
971338,258568
972238,981944
980844,349968
980844,79230
981944,1116218
992732,2542304
992990,160302
993436,195684
993436,41519
994278,1344166
995074,1463982
995074,1850070
995722,49851
996516,3589
996516,406552
996516,11015
996516,536298
997008,85730
997128,369262
998946,449382
998946,467284
999848,24967
999848,36762
999848,3064
1001014,30906
1001014,155601
1004418,241634
1004418,1835386
1004418,262198
1004418,325244
1004738,9446
1006244,37286
1009348,257505
1009760,382067
1010092,2104556
1010092,751964
1012210,761344
1012210,72810
1012210,109890
1012424,235345
1014606,69959
1015140,1159696
1015742,794756
1015742,36598
1018148,112345
1018148,218525
1018262,73239
1018262,547530
1018396,161058
1019536,383424
1021394,325832
1024156,118908
1025236,5449
1025236,22211
1025236,86106
1025508,1072104
1029484,77805
1029484,55607
1030184,24967
1030184,17190
1030184,30906
1030184,125473
1030184,79230
1030276,49851
1030276,65776
1031308,1045484
1034826,258568
1037976,26979
1037976,9446
1037976,99340
1037976,54136
1037976,35733
1037976,157725
1039472,262198
1040142,85586
1040142,18893
1040142,58600
1040142,835788
1040142,1173524
1041564,1167326
1045032,637420
1045032,566194
1045032,129588
1045032,111381
1045032,35739
1045484,395439
1045484,370574
1045484,134410
1045484,1412036
1045484,595658
1047508,240860
1047508,118428
1050514,649432
1050514,30772
1050564,878438
1059398,511834
1068918,218525
1068918,112345
1069334,448764
1069334,399718
1072104,243418
1072104,116002
1072104,118908
1072104,645760
1072744,348228
1072744,123766
1072744,100267
1073608,395439
1073608,49989
1078742,1114264
1078742,780508
1078742,382067
1078742,274559
1078742,160302
1078742,1167326
1078742,99340
1081320,21629
1082714,608670
1082714,63409
1082714,240748
1083990,1167326
1093166,26398
1093166,65776
1097688,1167326
1097688,657782
1097688,157725
1097688,118908
1097688,881620
1097732,373603
1099612,1248398
1099612,551886
1102202,2229734
1102202,51132
1102202,2229322
1105258,24967
1105258,258568
1105258,75252
1105258,184527
1105258,13896
1105258,273404
1105258,33528
1111326,708140
1111326,586244
1115416,26398
1117498,1493910
1122042,208568
1126486,488704
1128182,274559
1128182,1850070
1128182,49851
1133888,16747
1133888,71764
1133888,761344
1134002,972
1134002,14767
1134002,54020
1134002,624754
1136344,222746
1136344,611528
1136344,157079
1136928,240860
1144774,1133464
1144866,487058
1145950,157079
1153644,214652
1159692,56441
1160760,615968
1160760,759956
1161294,137882
1167326,65776
1167326,241634
1167326,226976
1167326,693738
1167326,42327
1167326,155601
1167326,160302
1167326,157725
1169056,39078
1169056,122101
1169056,49817
1169056,550110
1171752,105174
1171752,219000
1175178,19668
1175178,866306
1177822,389053
1177822,99340
1177822,499722
1179164,514222
1180588,167047
1181510,14474
1183748,881620
1183748,274980
1183748,642098
1183748,317097
1183748,93488
1183748,201043
1183748,172759
1183748,55284
1183748,145609
1183748,418511
1183748,1062374
1184486,999848
1184486,222746
1184486,3064
1184486,18703
1184486,58897
1186250,336254
1186250,42579
1186250,1773
1188874,615672
1190096,943656
1195752,36762
1195752,118908
1195752,1399638
1195752,270024
1196658,42040
1196658,2353864
1198144,9446
1198144,35821
1198144,4166
1198144,24967
1198144,54136
1198144,107403
1198144,751222
1198144,65776
1198144,99340
1198144,241634
1198144,395439
1198144,134410
1198144,370574
1198144,83205
1198144,31698
1198144,1412036
1198144,1431110
1198144,218525
1198144,32095
1198144,39567
1198144,153998
1198144,380865
1198144,258568
1198144,112345
1198144,157725
1198144,1467782
1198144,26398
1198144,1037976
1198144,93488
1198144,774886
1198492,160479
1198536,47405
1198536,591926
1203298,4649
1203298,211376
1203298,65776
1205344,382101
1205344,553532
1205344,201482
1205344,172527
1206650,293298
1206650,122101
1206650,735352
